<?xml version="1.0" encoding="UTF-8"?>

<mule xmlns:json="http://www.mulesoft.org/schema/mule/json" xmlns:file="http://www.mulesoft.org/schema/mule/file" xmlns:dropbox="http://www.mulesoft.org/schema/mule/dropbox" xmlns:http="http://www.mulesoft.org/schema/mule/http" xmlns="http://www.mulesoft.org/schema/mule/core" xmlns:doc="http://www.mulesoft.org/schema/mule/documentation"
	xmlns:spring="http://www.springframework.org/schema/beans" 
	xmlns:xsi="http://www.w3.org/2001/XMLSchema-instance"
	xsi:schemaLocation="http://www.springframework.org/schema/beans http://www.springframework.org/schema/beans/spring-beans-current.xsd
http://www.mulesoft.org/schema/mule/core http://www.mulesoft.org/schema/mule/core/current/mule.xsd
http://www.mulesoft.org/schema/mule/http http://www.mulesoft.org/schema/mule/http/current/mule-http.xsd
http://www.mulesoft.org/schema/mule/dropbox http://www.mulesoft.org/schema/mule/dropbox/current/mule-dropbox.xsd
http://www.mulesoft.org/schema/mule/json http://www.mulesoft.org/schema/mule/json/current/mule-json.xsd
http://www.mulesoft.org/schema/mule/file http://www.mulesoft.org/schema/mule/file/current/mule-file.xsd">
    <http:listener-config name="HTTP_Listener_Configuration" host="0.0.0.0" port="7070" doc:name="HTTP Listener Configuration"/>
    <dropbox:config name="Dropbox" appKey="d5oefm9wwoa8zfl" appSecret="rvej64dcsy9rg35" doc:name="Dropbox">
        <dropbox:oauth-callback-config domain="localhost" localPort="8085" remotePort="8085" path="eidiko" defaultAccessTokenId="WDju8dV91-AAAAAAAAAACXfUadI45vsOiJzDNef98kuQlLJkEJHu4lERK5NJhwYf"/>
    </dropbox:config>
    <file:connector name="File" autoDelete="true" streaming="true" validateConnections="true" doc:name="File"/>
    <flow name="dropboxFlow">
        <http:listener config-ref="HTTP_Listener_Configuration" path="*" doc:name="HTTP"/>
        <dropbox:authorize config-ref="Dropbox" doc:name="Dropbox"/>
    </flow>
    <flow name="dropboxFlow1">
        <http:listener config-ref="HTTP_Listener_Configuration" path="/create" doc:name="HTTP"/>
        <dropbox:upload-stream config-ref="Dropbox" filename="CentOSPostgres06Mar14.mf" path="/anil/" doc:name="Dropbox"/>
    </flow>
</mule>
